{"cameraMode":{"drawMode":0,"name":"Shaded","section":"Shading Mode"},"sceneLighting":false,"audioPlay":false,"sceneViewState":{"showFog":true,"showMaterialUpdate":false,"showSkybox":false,"showFlares":true,"showImageEffects":true,"showParticleSystems":true},"in2DMode":false,"pivot":{"x":-0.9684361219406128,"y":0.5590755939483643,"z":1.824532389640808},"rotation":{"x":0.12467092275619507,"y":-0.28448188304901125,"z":0.037309303879737857,"w":0.9498381018638611},"size":1.0693600177764893,"orthographic":true}