{"cameraMode":{"drawMode":0,"name":"Shaded","section":"Shading Mode"},"sceneLighting":false,"audioPlay":false,"sceneViewState":{"showFog":true,"showMaterialUpdate":false,"showSkybox":false,"showFlares":true,"showImageEffects":true,"showParticleSystems":true},"in2DMode":false,"pivot":{"x":3.3477230072021486,"y":0.39916086196899416,"z":0.5660001039505005},"rotation":{"x":0.0673852264881134,"y":0.04338730126619339,"z":-0.002933107316493988,"w":0.9967809915542603},"size":0.6168887615203857,"orthographic":false}