{"cameraMode":{"drawMode":0,"name":"Shaded","section":"Shading Mode"},"sceneLighting":false,"audioPlay":false,"sceneViewState":{"showFog":true,"showMaterialUpdate":false,"showSkybox":false,"showFlares":true,"showImageEffects":true,"showParticleSystems":true},"in2DMode":false,"pivot":{"x":-0.5462690591812134,"y":0.5029516816139221,"z":-3.1404147148132326},"rotation":{"x":-0.0014993454096838832,"y":-0.02099914662539959,"z":-0.00003224330794182606,"w":0.9997818470001221},"size":0.9144035577774048,"orthographic":false}