{"cameraMode":{"drawMode":0,"name":"Shaded","section":"Shading Mode"},"sceneLighting":false,"audioPlay":false,"sceneViewState":{"showFog":true,"showMaterialUpdate":false,"showSkybox":false,"showFlares":true,"showImageEffects":true,"showParticleSystems":true},"in2DMode":false,"pivot":{"x":-4.789999961853027,"y":0.5,"z":-0.7900000214576721},"rotation":{"x":0.13696826994419099,"y":0.09198343008756638,"z":-0.01277479249984026,"w":0.9862149357795715},"size":1.1582146883010865,"orthographic":true}