{"cameraMode":{"drawMode":0,"name":"Shaded","section":"Shading Mode"},"sceneLighting":true,"audioPlay":false,"sceneViewState":{"showFog":true,"showMaterialUpdate":false,"showSkybox":true,"showFlares":true,"showImageEffects":true,"showParticleSystems":true},"in2DMode":false,"pivot":{"x":0.073759526014328,"y":0.7381714582443237,"z":1.4125927686691285},"rotation":{"x":0.03655761852860451,"y":0.1824430674314499,"z":0.006786930840462446,"w":-0.9825224280357361},"size":0.9882802367210388,"orthographic":false}